species,rating,ability,hidden_ability,nature,held_item,ev_hp,ev_attack,ev_defense,ev_special_attack,ev_special_defense,ev_speed,attack_0,attack_1,attack_2,attack_3,hidden_power_type
BISAFLOR,4,0,true,MAESSIG,SONNEN_EI,4,0,0,252,0,252,SOLARSTRAHL,MATSCHBOMBE,BLITZ,KRAFTRESERVE,FEUER
BISAFLOR,4,0,false,SACHT,GIFTSCHLEIM,252,252,4,0,0,0,FLUCH,ERDBEBEN,SAMENBOMBEN,SYNTHESE,FEUER
BISAFLOR,4,0,false,SACHT,GIFTSCHLEIM,252,0,4,0,252,0,DOPPELTEAM,SYNTHESE,EGELSAMEN,TOXIN,FEUER
BISAFLOR,5,0,false,MAESSIG,BISAFLORNIT,252,0,4,252,0,0,GIGASAUGER,MATSCHBOMBE,SCHUTZSCHILD,TOXIN,FEUER
BISAFLOR,5,0,false,SCHEU,BISAFLORNIT,4,0,0,252,0,252,BLITZ,ERDKRAEFTE,BLAETTERSTURM,MATSCHBOMBE,FEUER
BISAFLOR,3,0,false,HART,WAHLBAND,252,252,4,0,0,0,WUTANFALL,ERDBEBEN,SAMBENBOMBE,GIFTHIEB,FEUER
GLURAK,4,0,false,SCHEU,GROSSLINSE,4,0,0,252,0,252,FEUERSTURM,FOKUSSTOSS,WINDSCHNITT,KRAFTRESERVE,GESTEIN
GLURAK,4,0,true,SCHEU,SALKABEERE,4,0,0,252,0,252,AUSDAUER,FOKUSSTOSS,FEUERSCHLAG,ERDBEBEN,GESTEIN
GLURAK,4,0,false,HART,LEBEN_ORB,4,252,0,0,0,252,DRACHENTANZ,AERO_ASS,FLAMMENBLITZ,ZERSCHNEIDER,GESTEIN
GLURAK,3,0,false,STILL,UEBERRESTE,252,0,4,0,252,0,IRRLICHT,FLAMMENWURF,FEUERWIRBEL,SCHUTZSCHILD,GESTEIN
GLURAK,5,0,false,HART,GLURAKNIT,4,252,0,0,0,252,DRACHENTANZ,DRACHENKLAUE,FLAMMENBLITZ,ZERSCHNEIDER,GESTEIN
TURTOK,5,0,false,MAESSIG,TURTOKNIT,4,0,0,252,0,252,HYDROPUMPE,EISSTRAHL,FINSTERAURA,Drachenpuls,GESTEIN
TURTOK,4,0,false,MAESSIG,UEBERRESTE,4,0,0,252,0,252,ERHOLUNG,EISSTURM,SURFER,TOXIN,GESTEIN
TURTOK,3,0,false,PFIFFIG,UEBERRESTE,252,4,252,0,0,0,KONTER,GEOFISSUR,NASSSCHWEIF,EISHIEB,GESTEIN
TURTOK,4,0,false,HART,UEBERRESTE,252,252,4,0,0,0,FLUCH,ERDBEBEN,NASSSCHWEIF,EISHIEB,GESTEIN
BIBOR,5,0,true,HART,BIBORNIT,4,252,0,0,0,252,SCHWARMSTICH,BIENENSTICH,ZERSCHNEIDER,SCHWERTTANZ,GESTEIN
BIBOR,4,0,false,HART,LEBEN_ORB,4,252,0,0,0,252,KREUZSCHERE,VERFOLGUNG,GIFTHIEB,DURCHBRUCH,GESTEIN
BIBOR,1,0,false,HART,BLENDPUDER,252,4,252,0,0,0,FLUCH,DOPPELTEAM,SCHWARMSTICH,BIENENSTICH,GESTEIN
RAICHU,2,0,false,MAESSIG,MAGNET,4,0,0,252,0,252,DONNERBLITZ,FOKUSSTOSS,AMPELLEUCHTE,GEHEIMPOWER,PFLANZE
RAICHU,2,0,false,ZART,MAGNET,4,0,0,252,0,252,DONNERWELLE,DONNERBLITZ,LICHTSCHILD,ABSCHLAG,PFLANZE
RAICHU,2,0,false,MILD,LEBEN_ORB,0,76,0,180,0,252,FOKUSSTOSS,DONNER,EISENSCHWEIF,KNUDDLER,PFLANZE
SANDAMER,5,0,false,PFIFFIG,SANDAMERNIT,4,252,252,0,0,0,ERDBEBEN,NACHTHIEB,KREUZSCHERE,STEINKANTE,PFLANZE
SANDAMER,2,0,false,HART,PUDERSAND,4,252,0,0,0,252,ERDBEBEN,DURCHBRUCH,DUNKELKLAUE,AERO_ASS,PFLANZE
SANDAMER,1,0,false,PFIFFIG,UEBERRESTE,252,4,252,0,0,0,SCHAUFLER,SCHUTZSCHILD,TOXIN,FLUCH,PFLANZE
SANDAMER,2,0,false,PFIFFIG,OFFENSIVWESTE,252,4,252,0,0,0,SCHWERTTANZ,STEINKANTE,ERDBEBEN,GIFTHIEB,PFLANZE
NIDOQUEEN,4,0,false,HART,OFFENSIVWESTE,4,252,0,0,0,252,ERDBEBEN,GIFTHIEB,KRAFTKOLOSS,STEINKANTE,PFLANZE
NIDOQUEEN,3,0,false,MAESSIG,WAHLGLAS,4,0,0,252,0,252,ERDKRAEFTE,MATSCHBOMBE,EISSTRAHL,DONNERBLITZ,PFLANZE
NIDOQUEEN,2,0,false,HART,GIFTSCHLEIM,252,252,4,0,0,0,TOXIN,KONTER,ERDBEBEN,DONNERSCHLAG,PFLANZE
NIDOQUEEN,2,0,false,HART,WAHLBAND,252,252,4,0,0,0,WUTANFALL,STAERKE,NASSSCHWEIF,EISHIEB,PFLANZE
NIDOQUEEN,1,0,false,FRECH,GROSSLINSE,0,252,4,252,0,0,DONNER,BLIZZARD,ERDBEBEN,WUCHTSCHLAG,PFLANZE
NIDOQUEEN,2,0,false,PFIFFIG,MARONBEERE,252,4,252,0,0,0,HORNBOHRER,DOPPELTEAM,ERHOLUNG,SCHLAFREDE,PFLANZE
NIDOKING,3,0,false,HART,WAHLBAND,252,252,4,0,0,0,VIELENDER,ERDBEBEN,GIFTHIEB,STEINKANTE,PFLANZE
NIDOKING,3,0,false,FROH,WAHLSCHAL,4,252,0,0,0,252,ZERSCHNEIDER,ERDBEBEN,GIFTHIEB,RISIKOTACKLE,PFLANZE
NIDOKING,1,0,false,FROH,GIFTSCHLEIM,252,4,252,0,0,0,GIFTHIEB,TOXIN,GEOFISSUR,SUPERZAHN,PFLANZE
NIDOKING,2,0,false,PFIFFIG,MARONBEERE,252,4,252,0,0,0,DOPPELTEAM,ERHOLUNG,GEOFISSUR,HORNBOHRER,PFLANZE
NIDOKING,1,0,false,MAESSIG,OFFENSIVWESTE,252,0,0,252,0,4,DONNER,FEUERSTURM,BLIZZARD,ERDKRAEFTE,PFLANZE
NIDOKING,2,0,false,PFIFFIG,OFFENSIVWESTE,252,252,0,0,0,4,KONTER,TOXIN,ERDBEBEN,GIFTHIEB,PFLANZE
VULNONA,3,0,true,MAESSIG,SONNEN_EI,4,0,0,252,0,252,SOLARSTRAHL,FEUERSTURM,FINSTERAURA,SONDERSENSOR,PFLANZE
VULNONA,1,0,false,SCHEU,HOLZKOHLE,4,0,0,252,0,252,SPUKBALL,FLAMMENWURF,HYPNOSE,ANZIEHUNG,PFLANZE
VULNONA,1,0,false,HART,LEBEN_ORB,4,252,0,0,0,252,FLAMMENBLITZ,EISENSCHWEIF,RUCKZUCKHIEB,RISIKOTACKLE,PFLANZE
VULNONA,2,0,false,KUEHN,UEBERRESTE,252,0,0,252,0,4,IRRLICHT,REFLEKTOR,HYPNOSE,HITZEWELLE,PFLANZE
IKSBAT,3,0,false,FROH,GIFTSCHLEIM,4,252,0,0,0,252,STURZFLUG,GIFTHIEB,STAHLFLUEGEL,ZEN_KOPFSTOSS,PFLANZE
IKSBAT,1,0,false,HART,GROSSLINSE,4,252,0,0,0,252,HYPNOSE,DOPPELTEAM,AERO_ASS,GIFTZAHN,PFLANZE
IKSBAT,2,0,false,SCHEU,WAHLSCHAL,4,0,0,252,0,252,MATSCHBOMBE,WINDSCHNITT,FINSTERAURA,HITZEWELLE,PFLANZE
IKSBAT,1,0,false,HART,GIFTSCHLEIM,252,252,0,0,0,4,KONFUSTRAHL,KNIRSCHER,SUPERZAHN,GIFTZAHN,PFLANZE
GIFLOR,3,0,false,MAESSIG,SCHLOHKRAUT,4,0,0,252,0,252,MATSCHBOMBE,BLAETTERSTURM,BLITZ,ZAUBERSCHEIN,PFLANZE
GIFLOR,2,0,false,HART,GIFTSCHLEIM,4,252,0,0,0,252,SCHWERTTANZ,SAMENBOMBEN,MONDSCHEIN,RISIKOTACKLE,PFLANZE
GIFLOR,4,0,false,SCHEU,SONNEN_EI,4,0,0,252,0,252,SOLARSTRAHL,SONNENTAG,MATSCHBOMBE,METEOROLOGE,PFLANZE
GIFLOR,4,0,false,KUEHN,GIFTSCHLEIM,252,0,0,252,0,4,EGELSAMEN,TOXIN,VERWURZLER,BLAETTERSTURM,PFLANZE
BLUBELLA,3,0,false,MAESSIG,UEBERRESTE,4,0,0,252,0,252,FALTERREIGEN,ENERGIEBALL,MATSCHBOMBE,BLITZ,PFLANZE
BLUBELLA,1,0,false,HART,UEBERRESTE,4,252,0,0,0,252,FLUCH,SAMENBOMBE,DOPPELTEAM,KNUDDLER,PFLANZE
BLUBELLA,2,0,false,MAESSIG,WUNDERSAAT,4,0,0,252,0,252,DOPPELTEAM,SCHLAFPUDER,GIGASAUGER,ANZIEHUNG,PFLANZE
BLUBELLA,2,0,false,MAESSIG,SONNEN_EI,252,0,0,252,0,4,SOLARSTRAHL,SONNENTAG,METEOROLOGE,MONDGEWALT,PFLANZE
DIGDRI,4,0,true,FROH,WAHLBAND,4,252,0,0,0,252,NACHTHIEB,AERO_ASS,ERDBEBEN,STEINKANTE,PFLANZE
DIGDRI,3,0,false,HART,LEBEN_ORB,4,252,0,0,0,252,DUNKELKLAUE,ZERSCHNEIDER,ERDBEBEN,STEINKANTE,PFLANZE
DIGDRI,2,0,false,FROH,FOKUSGURT,4,252,0,0,0,252,GEOFISSUR,AUSDAUER,GEGENSCHLAG,ERDBEBEN,PFLANZE
DIGDRI,3,0,false,HART,FOKUSGURT,4,252,0,0,0,252,SCHWERTTANZ,ERDBEBEN,STEINKANTE,NACHTHIEB,PFLANZE
RASAFF,5,0,true,FROH,RASAFFNIT,4,252,0,0,0,252,NAHKAMPF,EISENSCHWEIF,STEINKANTE,EISHIEB,PFLANZE
RASAFF,2,0,true,HART,LEBEN_ORB,4,252,0,0,0,252,DONNERSCHLAG,FEUERSCHLAG,EISHIEB,KREUZHIEB,PFLANZE
RASAFF,2,0,true,HART,WAHLBAND,4,252,0,0,0,252,NAHKAMPF,ERDBEBEN,DUNKELKLAUE,SAMENBOMBE,PFLANZE
RASAFF,1,0,true,HART,UEBERRESTE,4,252,0,0,0,252,FLUCH,KONTER,KREUZHIEB,MEGAHIEB,PFLANZE
ARKANI,3,0,false,HART,HOLZKOHLE,4,252,0,0,0,252,TURBOTEMPO,FLAMMENBLITZ,DONNERZAHN,KNIRSCHER,PFLANZE
ARKANI,2,0,false,MAESSIG,SCHLOHKRAUT,4,0,0,252,0,252,HITZEKOLLER,DRACHENPULS,SCHALLWELLE,ANZIEHUNG,PFLANZE
ARKANI,4,0,false,HART,WAHLBAND,4,252,0,0,0,252,NAHKAMPF,FLAMMENBLITZ,DONNERZAHN,WUTANFALL,PFLANZE
ARKANI,1,0,false,HART,MARONBEERE,252,252,0,0,0,4,IRRLICHT,FLAMMENBLITZ,ERHOLUNG,ANZIEHUNG,PFLANZE
SIMSALA,5,0,false,SCHEU,WAHLGLAS,4,0,0,252,0,252,PSYCHOKINESE,BLITZ,TRICKBETRUG,FOKUSSTOSS,PFLANZE
SIMSALA,4,0,false,MAESSIG,LEBEN_ORB,4,0,0,252,0,252,GEDANKENGUT,PSYCHOKINESE,BLITZ,FOKUSSTOSS,PFLANZE
SIMSALA,3,0,false,MEASSIG,LICHTLEHM,252,0,0,252,0,4,GEDANKENGUT,PSYCHOKINESE,REFLEKTOR,LICHTSCHILD,PFLANZE
SIMSALA,2,0,false,HART,LEBEN_ORB,252,0,0,252,0,4,DONNERSCHLAG,FEUERSCHLAG,EISHIEB,ZEN_KOPFSTOSS,PFLANZE
MACHOMEI,4,0,false,HART,HEISS_ORB,252,252,0,0,0,4,NAHKAMPF,ERDBEBEN,STEINKANTE,EISHIEB,PFLANZE
MACHOMEI,4,0,false,HART,UEBERRESTE,4,252,0,0,0,252,NAHKAMPF,ERDBEBEN,PROTZER,PATRONENHIEB,PFLANZE
MACHOMEI,3,0,false,FROH,WAHLSCHAL,4,252,0,0,0,252,FEUERSCHLAG,DONNERSCHLAG,EISHIEB,KREUZHIEB,PFLANZE
MACHOMEI,3,0,false,HART,SCHWARZGURT,252,252,0,0,0,4,KONTER,DURCHBRUCH,GIFTHIEB,STEINKANTE,PFLANZE
SARZENIA,2,0,true,MILD,SCHLOHKRAUT,0,4,0,252,0,252,BLAETTERSTURM,MATSCHBOMBE,BLITZ,TIEFSCHLAG,PFLANZE
SARZENIA,2,0,false,SCHEU,SONNEN_EI,4,0,0,252,0,252,SOLARSTRAHL,SYNTHESE,MATSCHBOMBE,METEOROLOGE,PFLANZE
SARZENIA,2,0,false,HART,GIFTSCHLEIM,252,252,0,0,0,4,SCHWERTTANZ,LAUBKLINGE,KAEFERBISS,GIFTHIEB,PFLANZE
SARZENIA,1,0,false,MAESSIG,GIFTSCHLEIM,252,0,0,252,0,4,HORTER,ENTFESSLER,VERZEHRER,ENERGIEBALL,PFLANZE
TENTOXA,3,0,false,KUEHN,GIFTSCHLEIM,252,0,0,252,0,4,SURFER,MATSCHBOMBE,TOXIN,EISSTRAHL,PFLANZE
TENTOXA,2,0,false,MAESSIG,GIFTSCHLEIM,252,0,0,252,0,4,SPIEGELCAPE,GIGASAUGER,KONFUSTRAHL,SURFER,PFLANZE
TENTOXA,3,0,true,MAESSIG,LEBEN_ORB,4,0,0,252,0,252,EISSTRAHL,GIGASAUGER,SURFER,MATSCHBOMBE,PFLANZE
TENTOXA,2,0,true,HART,LEBEN_ORB,4,252,0,0,0,252,SCHWERTTANZ,GIFTHIEB,KASKADE,ZERSCHNEIDER,PFLANZE
GEOWAZ,3,0,false,HART,SALKABEERE,4,252,0,0,0,252,STEINPOLITUR,ERDBEBEN,STEINKANTE,DONNERSCHLAG,NORMAL
GEOWAZ,3,0,true,HART,UEBERRESTE,252,252,0,0,0,4,HAMMERARM,ERDBEBEN,STEINKANTE,EXPLOSION,NORMAL
GEOWAZ,1,0,false,HART,GROSSLINSE,252,252,0,0,0,4,WUCHTSCHLAG,STEINKANTE,EXPLOSION,ERDBEBEN,NORMAL
GEOWAZ,5,0,false,SOLO,GEOWAZNIT,252,252,0,0,0,4,ERUPTION,ERDBEBEN,STEINKANTE,EXPLOSION,NORMAL
GALOPPA,2,0,true,HART,LEBEN_ORB,4,252,0,0,0,252,FLAMMENBLITZ,VIELENDER,GIFTHIEB,EISENSCHWEIF,NORMAL
GALOPPA,1,0,true,HART,UEBERRESTE,252,252,0,0,0,4,MORGENGRAUEN,FLAMMENBLITZ,DOPPELKICK,HORNBOHRER,NORMAL
GALOPPA,2,1,false,FROH,GROSSLINSE,4,252,0,0,0,252,HYPNOSE,SCHWERTTANZ,FLAMMENBLITZ,KNUDDLER,NORMAL
GALOPPA,1,1,false,MAESSIG,SONNEN_EI,4,0,0,252,0,252,NITROLADUNG,SOLARSTRAHL,SONNENTAG,KRAFTRESERVE,ELEKTRO
LAHMUS,5,0,true,PFIFFIG,LAHMUSNIT,252,252,0,0,0,4,KASKADE,ZEN_KOPFSTOSS,BAUCHTROMMEL,EISHIEB,NORMAL
LAHMUS,3,0,false,KUEHN,UEBERRESTE,252,0,0,252,0,4,SURFER,PSYCHOKINESE,EISSTRAHL,TAGEDIEB,NORMAL
LAHMUS,2,0,false,KUEHN,UEBERRESTE,252,0,0,252,0,4,GEOFISSUR,GAEHNER,HYDROPUMPE,AMNESIE,NORMAL
LAHMUS,1,1,false,MAESSIG,GROSSLINSE,252,0,0,252,0,4,BLITZKANONE,HYDROPUMPE,BLIZZARD,DONNERWELLE,NORMAL
LASCHOKING,2,0,true,STILL,UEBERRESTE,252,0,0,0,252,0,PSYCHOKINESE,SURFER,DONNERWELLE,EISSTURM,NORMAL
LASCHOKING,1,0,true,HART,LEBEN_ORB,252,252,0,0,4,0,NASSSCHWEIF,ZEN_KOPFSTOSS,EISHIEB,DONNERSCHLAG,NORMAL
LASCHOKING,3,0,true,MAESSIG,UEBERRESTE,252,0,0,252,4,0,GEDANKENGUT,PSYCHOKINESE,SURFER,EISSTRAHL,NORMAL
LASCHOKING,2,0,false,MAESSIG,UEBERRESTE,252,0,0,252,4,0,FOKUSSTOSS,FLAMMENWURF,LEHMBRUEHE,DONNERWELLE,NORMAL
MAGNEZONE,3,0,false,HITZIG,SANANABEERE,252,0,0,252,0,4,LICHTKANONE,BLITZKANONE,EXPLOSION,AMPELLEUCHTE,NORMAL
MAGNEZONE,4,0,true,HITZIG,WAHLGLAS,4,0,0,252,0,252,LICHTKANONE,DONNERBLITZ,AMPELLEUCHTE,EXPLOSION,NORMAL
MAGNEZONE,2,0,true,MAESSIG,GEWITTER_EI,4,0,0,252,0,252,LICHTKANONE,DONNER,REGENTANZ,TRIPLETTE,NORMAL
MAGNEZONE,2,0,false,HITZIG,SANANABEERE,4,0,0,252,0,252,LICHTKANONE,DONNERBLITZ,EXPLOSION,DONNERWELLE,NORMAL
DODRI,2,1,false,FROH,SEIDENSCHAL,4,252,0,0,0,252,BOHRSCHNABEL,RISIKOTACKLE,STAHLFLUEGEL,VERFOLGUNG,NORMAL
DODRI,1,0,true,HART,TOXIK_ORB,4,252,0,0,0,252,STURZFLUG,FASSADE,SCHUTZSCHILD,NOTSITUATION,NORMAL
DODRI,1,0,false,HART,TSITRUBEERE,252,252,0,0,0,4,SCHWERTTANZ,STURZFLUG,RISIKOTACKLE,SPIEGELTRICK,NORMAL
JUGONG,4,0,true,MAESSIG,JUGONGNIT,252,0,0,252,0,4,SURFER,BLIZZARD,MOGELHIEB,AMPELLEUCHTE,NORMAL
JUGONG,2,0,true,KUEHN,BLIZZARD_EI,252,0,0,252,4,0,SCHUTZSCHILD,BLIZZARD,EISESKAELTE,ABGESANG,NORMAL
JUGONG,2,0,true,HART,UEBERRESTE,252,252,0,0,0,4,VIELENDER,EISSPLITTER,KASKADE,KNUDDLER,NORMAL
SLEIMOK,5,1,false,HART,SLEIMOKNIT,252,252,0,0,0,4,GIFTHIEB,EXPLOSION,ABSCHLAG,FEUERSCHLAG,NORMAL
SLEIMOK,2,1,false,HART,GIFTSCHLEIM,252,252,0,0,0,4,SCHATTENSTOSS,DONNERSCHLAG,LEIDTEILER,GIFTHIEB,NORMAL
SLEIMOK,2,1,false,HART,GIFTSCHLEIM,252,252,0,0,0,4,FLUCH,GIFTHIEB,TOXIN,SCHUTZSCHILD,NORMAL
SLEIMOK,4,1,false,MAESSIG,SLEIMOKNIT,252,0,0,252,0,4,MATSCHBOMBE,FINSTERAURA,GIGASAUGER,FEUERSTURM,NORMAL
AUSTOS,2,0,true,PFIFFIG,UEBERRESTE,252,252,0,0,0,4,EISSPLITTER,TAUCHER,EXPLOSION,TOXIN,NORMAL
AUSTOS,1,0,true,HITZIG,LEBEN_ORB,4,0,0,252,0,252,SURFER,EISSTRAHL,AMPELLEUCHTE,EXPLOSION,NORMAL
GENGAR,4,0,false,SCHEU,LEBEN_ORB,4,0,0,252,0,252,SPUKBALL,MATSCHBOMBE,PSYCHOKINESE,DONNERBLITZ,NORMAL
GENGAR,3,0,false,MILD,GIFTSCHLEIM,252,0,0,252,0,4,LEIDTEILER,DONNERWELLE,EXPLOSION,SPUKBALL,NORMAL
GENGAR,3,0,false,MILD,GIFTSCHLEIM,252,0,0,252,0,4,LEIDTEILER,IRRLICHT,FLUCH,SPUKBALL,NORMAL
GENGAR,4,0,false,MAESSIG,WAHLGLAS,4,0,0,252,0,252,SPUKBALL,DONNERBLITZ,FOKUSSTOSS,ZAUBERSCHEIN,NORMAL
GENGAR,4,0,true,MAESSIG,FOKUSGURT,4,0,0,252,0,252,SPUKBALL,GIGASAUGER,HYPNOSE,TRAUMFRESSER,NORMAL
STAHLOS,2,1,false,HART,UEBERRESTE,252,252,4,0,0,0,ERDBEBEN,EISENSCHWEIF,STAERKE,NASSSCHWEIF,NORMAL
STAHLOS,3,1,false,HART,UEBERRESTE,252,252,4,0,0,0,ERDBEBEN,DRACHENTANZ,EISZAHN,EISENSCHWEIF,NORMAL
STAHLOS,3,0,true,HART,SAND_EI,252,252,4,0,0,0,ERDBEBEN,SANDSTURM,EXPLOSION,STEINKANTE,NORMAL
STAHLOS,2,0,false,HART,TSITRUBEERE,252,252,4,0,0,0,ERDBEBEN,FLUCH,KNIRSCHER,DONNERZAHN,NORMAL
HYPNO,2,0,false,MILD,LEBEN_ORB,4,252,0,252,0,4,PSYCHOKINESE,SPUKBALL,EISHIEB,WUCHTSCHLAG,NORMAL
HYPNO,2,0,false,MAESSIG,WAHLGLAS,4,0,0,252,0,252,PSYCHOKINESE,SPUKBALL,FOKUSSTOSS,AMPELLEUCHTE,NORMAL
HYPNO,1,0,false,MAESSIG,MARONBEERE,252,0,0,252,0,4,HYPNOSE,TRAUMFRESSER,ERHOHLUNG,NACHTMAHR,NORMAL
HYPNO,1,0,false,HART,UEBERRESTE,252,252,0,0,0,4,FLUCH,ZEN_KOPFSTOSS,DONNERSCHLAG,EISHIEB,NORMAL
HYPNO,1,0,false,HART,PRUNUSBEERE,252,252,0,0,0,4,ANGEBEREI,PSYCHO_PLUS,DURCHBRUCH,ZEN_KOPFSTOSS,NORMAL
KINGLER,2,0,false,HART,WAHLBAND,4,252,0,0,0,252,KRABHAMMER,KRAFTKOLOSS,ZERSCHNEIDER,KREUZSCHERE,NORMAL
KINGLER,2,0,false,HART,FOKUS_BAND,4,252,0,0,0,252,ABSCHLAG,SCHWERTTANZ,KRABBHAMMER,ZERSCHNEIDER,NORMAL
KINGLER,2,0,false,HART,UEBERRESTE,252,252,0,0,0,4,FLUCH,KRABBHAMMER,ABSCHLAG,METALLKLAUE,NORMAL
KINGLER,2,0,false,PFIFFIG,TSITRUBEERE,252,252,4,0,0,0,GUILLOTINE,ANGEBEREI,ABSCHLAG,KRABBHAMMER,NORMAL
LEKTROBALL,1,0,true,HITZIG,SCHWARZPULVER,0,4,0,252,0,252,EXPLOSION,REGENTANZ,DONNER,AMPELLEUCHTE,NORMAL
LEKTROBALL,2,0,true,HITZIG,SCHWARZPULVER,0,4,0,252,0,252,DONNERBLITZ,EXPLOSION,DONNERWELLE,TIEFSCHLAG,NORMAL
KOKOWEI,3,0,false,MAESSIG,SONNEN_EI,4,0,0,252,0,252,SOLARSTRAHL,SONNENTAG,SYNTHESE,PSYCHOKINESE,NORMAL
KOKOWEI,3,0,false,HITZIG,LEBEN_ORB,0,4,0,252,0,252,EXPLOSION,ENERGIEBALL,MATSCHBOMBE,ANTIK_KRAFT,NORMAL
KOKOWEI,1,0,true,HART,TSITRUBEERE,4,252,0,0,0,252,SCHWERTTANZ,EXPLOSION,ERDBEBEN,SAMENBOMBE,NORMAL
KOKOWEI,3,0,true,MAESSIG,TSITRUBEERE,4,0,0,252,0,252,GEDANKENGUT,EGELSAMEN,HYPNOSE,GIGASAUGER,NORMAL
KOKOWEI,3,0,false,MAESSIG,SONNEN_EI,4,0,0,252,0,252,BLAETTERSTURM,PSYCHOKINESE,BLITZ,SONNENTAG,NORMAL
KNOGGA,2,0,false,HART,KAMPFKNOCHEN,4,252,0,0,0,252,ERDBEBEN,SCHWERTTANZ,STEINKANTE,FEUERSCHLAG,NORMAL
KNOGGA,2,0,false,HART,KAMPFKNOCHEN,4,252,252,0,0,4,ERDBEBEN,ABSCHLAG,KRAXLER,EISHIEB,NORMAL
KNOGGA,1,0,false,PFIFFIG,UEBERRESTE,252,252,4,0,0,0,ERDBEBEN,BAUCHTROMMEL,STEINKANTE,WUTANFALL,NORMAL
KNOGGA,2,0,false,PFIFFIG,UEBERRESTE,252,4,252,0,0,0,GEOFISSUR,SCHUTZSCHILD,DOPPELTEAM,ABGESANG,NORMAL
KICKLEE,2,0,false,HART,WAHLBAND,4,252,0,0,0,252,FEUERFEGER,NAHKAMPF,ABSCHLAG,STEINKANTE,NORMAL
KICKLEE,1,0,false,HART,PRUNUSBEERE,4,252,0,0,0,252,AUSDAUER,GEGENSCHLAG,GIFTHIEB,DURCHBRUCH,NORMAL
KICKLEE,2,0,false,HART,GROSSLINSE,4,252,0,0,0,252,PATRONENHIEB,TEMPOHIEB,VERFOLGUNG,WUCHTSCHLAG,NORMAL
KICKLEE,1,0,false,HART,LEBEN_ORB,252,252,4,0,0,0,WILLENSLESER,WUCHTSCHLAG,STEINKANTE,SCHWERTTANZ,NORMAL
NOCKCHAN,2,0,false,HART,LEBEN_ORB,4,252,0,0,0,252,TEMPOHIEB,PATRONENHIEB,DONNERSCHLAG,EISHIEB,NORMAL
NOCKCHAN,2,0,false,HART,PRUNUSBEERE,4,252,0,0,0,252,HIMMELHIEB,DONNERSCHLAG,FEUERSCHLAG,EISHIEB,NORMAL
NOCKCHAN,1,0,false,FROH,FOKUSGURT,4,252,0,0,0,252,DOPPELTEAM,POWER_PUNCH,IRRSCHLAG,ZUGABE,NORMAL
NOCKCHAN,2,0,false,HART,LEBEN_ORB,4,252,0,0,0,252,SCHWERTTANZ,DURCHBRUCH,PATRONENHIEB,MOGELHIEB,NORMAL
KAPOERA,2,0,false,HART,KAMPFJUWEL,4,252,0,0,0,252,MOGELHIEB,TEMPOHIEB,PATRONENHIEB,AERO_ASS,NORMAL
KAPOERA,1,0,false,HART,UEBERRESTE,4,252,0,0,0,252,FLUCH,ERHOHLUNG,SCHLAFREDE,DURCHBRUCH,NORMAL
KAPOERA,2,0,false,HART,MARONBEERE,4,252,0,0,0,252,ERHOHLUNG,KONTER,TEMPOHIEB,NAHKAMPF,NORMAL
SCHLURPLEK,3,0,false,HART,TISTRUBEERE,252,252,0,0,0,4,BAUCHTROMMEL,ERDBEBEN,FRUSTRATION,STAERKE,NORMAL
SCHLURPLEK,2,0,false,HART,UEBERRESTE,252,252,0,0,0,4,HAMMERARM,DONNERSCHLAG,MEGAHIEB,FEUERSCHLAG,NORMAL
SCHLURPLEK,2,0,false,PFIFFIG,UEBERRESTE,252,252,4,0,0,0,BODYSLAM,EISHIEB,EXPLOSION,SCHWERTTANZ,NORMAL
SCHLURPLEK,2,0,false,HART,SEIDENSCHAL,252,252,4,0,0,0,EXPLOSION,BODYSLAM,ERDBEBEN,ZEN_KOPFSTOSS,NORMAL
SCHLURPLEK,3,0,false,HITZIG,LEBEN_ORB,0,252,0,252,0,4,DONNERBLITZ,FRUSTRATION,FLAMMENWURF,FOKUSSTOSS,NORMAL
SMOGMOG,3,0,false,LOCKER,GIFTSCHLEIM,252,0,252,4,0,4,EXPLOSION,IRRLICHT,MATSCHBOMBE,FLAMMENWURF,NORMAL
SMOGMOG,2,0,false,LOCKER,GIFTSCHLEIM,4,0,252,252,0,0,MATSCHBOMBE,FLAMMENWURF,DONNERBLITZ,FINSTERAURA,NORMAL
SMOGMOG,2,0,false,LOCKER,GIFTSCHLEIM,4,252,252,0,0,0,EXPLOSION,FLUCH,FRUSTRATION,TOXIN,NORMAL
SMOGMOG,3,0,false,LOCKER,GIFTSCHLEIM,252,4,252,0,0,0,EXPLOSION,MATSCHBOMBE,LEIDTEILER,FLAMMENWURF,NORMAL
RIZEROS,3,1,false,HART,EVOLITH,252,252,4,0,0,0,HORNBOHRER,ERDBEBEN,VIELENDER,STEINKANTE,NORMAL
RIZEROS,3,1,false,HART,EVOLITH,4,252,0,0,0,252,STEINPOLITUR,KRAFTKOLOSS,ERDBEBEN,STEINKANTE,NORMAL
RIHORNIOR,3,1,false,HART,SAIMBEERE,4,252,252,0,0,0,ERDBEBEN,STEINKANTE,VIELENDER,EISHIEB,NORMAL
RIHORNIOR,3,1,false,HART,UEBERRESTE,4,252,0,0,0,252,ERDBEBEN,SCHWERTTANZ,STEINPOLITUR,STEINKANTE,NORMAL
RIHORNIOR,3,1,false,HART,UEBERRESTE,4,252,252,0,0,0,ERDBEBEN,STEINKANTE,HAMMERARM,EISENSCHWEIF,NORMAL
RIHORNIOR,4,1,false,HART,WAHLBAND,4,252,0,0,0,252,ERDBEBEN,STEINKANTE,NASSSCHWEIF,VIELENDER,NORMAL
KANGAMA,2,0,true,FROH,SEIDENSCHAL,4,252,0,0,0,252,ERDBEBEN,RISIKOTACKLE,HAMMERARM,FUSSKICK,NORMAL
KANGAMA,1,0,true,HART,GROSSLINSE,4,252,0,0,0,252,KNIRSCHER,MEGAKICK,WUTANFALL,WUCHTSCHLAG,NORMAL
KANGAMA,1,0,true,HART,PRUNUSBEERE,4,252,0,0,0,252,DURCHBRUCH,DOPPELTEAM,MEGAHIEB,AERO_ASS,NORMAL
SEEDRAKING,4,0,false,MAESSIG,GEWITTER_EI,4,0,0,252,0,252,SURFER,EISSTRAHL,DRACHENPULS,DRACO_METEOR,NORMAL
SEEDRAKING,3,0,false,HART,UEBERRESTE,4,252,0,0,0,252,KASKADE,DRACHENTANZ,WUTANFALL,TOXIN,NORMAL
SEEDRAKING,3,0,false,SCHEU,LEBEN_ORB,4,0,0,252,0,252,HYDROPUMPE,BLIZZARD,LICHTKANONE,DRACHENPULS,NORMAL
CHANEIRA,4,0,false,STILL,EVOLITH,252,0,4,0,252,0,WEICHEI,AROMAKUR,DONNERWELLE,GEOWURF,NORMAL
CHANEIRA,5,0,false,STILL,EVOLITH,252,0,4,0,252,0,WEICHEI,DONNERBLITZ,TOXIN,EISSTRAHL,NORMAL
HEITEIRA,4,0,false,STILL,UEBERRESTE,252,0,4,0,252,0,WEICHEI,GEDANKENGUT,TOXIN,GEOWURF,NORMAL
HEITEIRA,4,0,false,STILL,UEBERRESTE,252,0,4,0,252,0,ERHOLUNG,DOPPELTEAM,TOXIN,GEOWURF,NORMAL
STARMIE,5,1,false,MAESSIG,WAHLSCHAL,4,0,0,252,0,252,SURFER,EISSTRAHL,DONNERBLITZ,PSYCHOKINESE,NORMAL
STARMIE,4,1,false,SCHEU,LEBEN_ORB,4,0,0,252,0,252,HYDROPUMPE,BLIZZARD,DONNER,PSYCHOKINESE,NORMAL
STARMIE,3,1,false,STILL,SEEGESANG,252,0,0,252,0,4,HYDROPUMPE,GENESUNG,KONFUSTRAHL,GEDANKENGUT,NORMAL
STARMIE,4,1,false,MAESSIG,PRUNUSBEERE,4,0,0,252,0,252,SURFER,PSYCHOKINESE,EISSTRAHL,GEDANKENGUT,NORMAL
ELEVOLTEK,4,0,false,HART,LEBEN_ORB,4,252,0,0,0,252,DONNERSCHLAG,ERDBEBEN,EISHIEB,KREUZHIEB,NORMAL
ELEVOLTEK,4,0,false,HART,ELEKTROJUWEL,4,252,0,0,0,252,DONNERSCHLAG,EISENSCHWEIF,FEUERSCHLAG,HAMMERARM,NORMAL
ELEVOLTEK,3,0,false,HITZIG,MAGNET,4,160,0,92,0,252,DONNER,FLAMMENWURF,EISHIEB,FOKUSSTOSS,NORMAL
ELEVOLTEK,3,0,false,MAESSIG,GEWITTER_EI,4,0,0,252,0,252,DONNER,METEOROLOGE,REGENTANZ,LICHTSCHILD,NORMAL
MAGBRANT,4,0,true,MAESSIG,SCHLOHKRAUT,4,0,0,252,0,252,HITZEKOLLER,FOKUSSTOSS,PSYCHOKINESE,DONNERBLITZ,NORMAL
MAGBRANT,3,0,true,SCHEU,LEBEN_ORB,4,0,0,252,0,252,FLAMMENWURF,SCHALLWELLE,IRRLICHT,PSYCHOKINESE,NORMAL
MAGBRANT,3,0,true,HART,TSITRUBEERE,4,252,0,0,0,252,FLAMMENBLITZ,BAUCHTROMMEL,ERDBEBEN,TEMPOHIEB,NORMAL
SICHLOR,4,0,false,HART,EVOLITH,252,252,4,0,0,0,KREUZSCHERE,SCHWERTTANZ,FLUEGELSCHLAG,NACHTHIEB,NORMAL
SICHLOR,3,0,true,HART,EVOLITH,252,252,4,0,0,0,ZORNKLINGE,TOXIN,DOPPELTEAM,FLUCH,NORMAL
SCHEROX,4,0,true,HART,PRUNUSBEERE,4,252,0,0,0,252,PATRONENHIEB,SCHWERTTANZ,ABSCHLAG,KREUZSCHERE,NORMAL
SCHEROX,4,0,false,HART,UEBERRESTE,4,252,0,0,0,252,STAHLFLUEGEL,ZERSCHNEIDER,KRAFTKOLOSS,KREUZSCHERE,NORMAL
SCHEROX,5,0,false,HART,WAHLBAND,4,252,0,0,0,252,PATRONENHIEB,NACHTHIEB,ZERSCHNEIDER,KREUZSCHERE,NORMAL
SCHEROX,3,0,false,HART,TAMOTBEERE,252,252,0,0,0,4,AUSDAUER,GEGENSCHLAG,TOXIN,STAHLFLUEGEL,NORMAL
PINSIR,3,0,true,HART,LEBEN_ORB,4,252,0,0,0,252,KREUZSCHERE,ERDBEBEN,STEINKANTE,RUCKZUCKHIEB,NORMAL
PINSIR,2,0,true,HART,KAEFERJUWEL,4,252,0,0,0,252,GUILLOTINE,KREUZSCHERE,STAERKE,SCHAUFLER,NORMAL
TAUROS,3,0,true,HART,SEIDENSCHAL,4,252,0,0,0,252,RISIKOTACKLE,EISENSCHWEIF,ERDBEBEN,ZEN_KOPFSTOSS,NORMAL
TAUROS,3,0,true,FROH,PRUNUSBEERE,4,252,0,0,0,252,FRUSTRATION,STEINKANTE,NAHKAMPF,VIELENDER,NORMAL
TAUROS,2,0,true,HART,PERSIMBEERE,4,252,0,0,0,252,BODYSLAM,HORNBOHRER,WUTANFALL,ANGEBEREI,NORMAL
GARADOS,5,0,false,HART,UEBERRESTE,4,252,0,0,0,252,KASKADE,DRACHENTANZ,EISZAHN,ERDBEBEN,NORMAL
GARADOS,4,0,false,HART,PRUNUSBEERE,4,252,0,0,0,252,KASKADE,STEINKANTE,EISZAHN,EISENSCHWEIF,NORMAL
GARADOS,3,0,false,PFIFFIG,UEBERRESTE,252,252,0,0,0,4,NASSSCHWEIF,SCHUTZSCHILD,DONNERWELLE,ERDBEBEN,NORMAL
GARADOS,3,0,false,MAESSIG,LEBEN_ORB,4,0,0,252,0,252,SURFER,DONNERBLITZ,FLAMMENWURF,EISSTRAHL,NORMAL
GARADOS,2,0,false,HART,PERSIMBEERE,4,252,0,0,0,252,FUCHTLER,WUTANFALL,KASKADE,EISZAHN,NORMAL
LAPRAS,2,0,true,STILL,UEBERRESTE,252,0,0,252,0,4,EISESKAELTE,ABGESANG,KONFUSTRAHL,RUCKENTZUG,NORMAL
LAPRAS,4,0,true,MAESSIG,EISJUWEL,4,0,0,252,0,252,EISSTRAHL,SURFER,AMPELLEUCHTE,DRACHENPULS,NORMAL
LAPRAS,3,0,true,HART,WAHLBAND,4,252,0,0,0,252,EISSPEER,KASKADE,VIELENDER,ERDBEBEN,NORMAL
LAPRAS,4,0,true,MAESSIG,UEBERRESTE,4,0,0,252,0,252,EISSTRAHL,SURFER,DONNERBLITZ,PSYCHOKINESE,NORMAL
AQUANA,4,0,false,KUEHN,UEBERRESTE,252,0,160,92,4,0,SURFER,EISSTRAHL,WUNSCHTRAUM,SCHUTZSCHILD,NORMAL
AQUANA,4,0,false,MAESSIG,WASSERJUWEL,4,0,0,252,0,252,SURFER,EISSTRAHL,SPUKBALL,GEDANKENGUT,NORMAL
AQUANA,2,0,true,MAESSIG,SEEGESANG,252,0,0,252,0,4,HYDROPUMPE,SAEUREPANZER,EISSTURM,AMPELLEUCHTE,NORMAL
AQUANA,3,0,false,KUEHN,UEBERRESTE,252,0,0,252,0,4,WUNSCHTRAUM,SCHUTZSCHILD,GAEHNER,SURFER,NORMAL
BLITZA,3,0,false,SCHEU,LEBEN_ORB,4,0,0,252,0,252,DONNERBLITZ,SPUKBALL,DOPPELTEAM,DONNERWELLE,NORMAL
BLITZA,3,0,false,MAESSIG,DONNER_EI,4,0,0,252,0,252,DONNER,SPUKBALL,REGENTANZ,SCHALLWELLE,NORMAL
FLAMARA,3,0,false,HART,WAHLBAND,4,252,0,0,0,252,FLAMMENBLITZ,EISENSCHWEIF,KRAFTKOLOSS,RISIKOTACKLE,NORMAL
FLAMARA,3,0,false,HART,SONNEN_EI,4,252,0,0,0,252,FEUERZAHN,EISENSCHWEIF,SONNENTAG,FRUSTRATION,NORMAL
GLAZIOLA,4,0,false,MAESSIG,UEBERRESTE,92,0,0,252,160,4,BLIZZARD,SPIEGELCAPE,SPUKBALL,AMPELLEUCHTE,NORMAL
GLAZIOLA,3,0,true,MAESSIG,BLIZZARD_EI,252,0,0,252,0,4,BLIZZARD,VITALGLOCKE,HAGELSTURM,SPUKBALL,NORMAL
GLAZIOLA,2,0,true,MAESSIG,TSITRUBEERE,0,0,0,252,0,252,EISSTRAHL,AQUAWELLE,TOXIN,DOPPELTEAM,NORMAL
PSIANA,4,0,false,MAESSIG,LEBEN_ORB,4,0,0,252,0,252,PSYCHOKINESE,GEDANKENGUT,SPUKBALL,ZAUBERSCHEIN,NORMAL
PSIANA,4,0,false,MAESSIG,PSYCHOJUWEL,4,0,0,252,0,252,PSYCHOKINESE,BLITZ,AMPELLEUCHTE,ZAUBERSCHEIN,NORMAL
PSIANA,3,0,true,MAESSIG,UEBERRESTE,92,0,0,252,160,0,PSYCHOKINESE,GEDANKENGUT,ERHOHLUNG,SCHLAFREDE,NORMAL
PSIANA,2,0,false,STILL,SEEGESANG,92,0,0,252,160,0,PSYCHOKINESE,GEDANKENGUT,LEHMSCHELLE,SCHALLWELLE,NORMAL
NACHTARA,3,0,true,PFIFFIG,UEBERRESTE,252,4,160,0,92,0,FLUCH,KNIRSCHER,EISENSCHWEIF,VITALGLOCKE,NORMAL
NACHTARA,3,0,false,PFIFFIG,SEEGESANG,252,4,160,0,92,0,ANGEBEREI,KNIRSCHER,EISENSCHWEIF,PSYCHO_PLUS,NORMAL
NACHTARA,3,0,true,PFIFFIG,TSITRUBEERE,252,4,160,0,92,0,FLUCH,KNIRSCHER,TOXIN,FRUSTRATION,NORMAL
FOLIPURBA,4,0,false,HART,SONNEN_EI,4,252,0,0,0,252,LAUBKLINGE,EISENSCHWEIF,SONNENTAG,KREUZSCHERE,NORMAL
FOLIPURBA,3,0,false,HART,PFLANZENJUWEL,4,252,0,0,0,252,LAUBKLINGE,SCHWERTTANZ,KREUZSCHERE,STAERKE,NORMAL
FOLIPURBA,2,0,false,HART,UEBERRESTE,4,252,252,0,0,0,LAUBKLINGE,FLUCH,KREUZSCHERE,AERO_ASS,NORMAL
FEELINARA,4,0,true,MAESSIG,UEBERRESTE,4,0,0,252,252,0,BLITZ,GEDANKENGUT,MONDGEWALT,PSYCHOKINESE,NORMAL
FEELINARA,3,0,true,MAESSIG,FEEJUWEL,4,0,0,252,0,252,ZAUBERSCHEIN,PSYCHOKINESE,BLITZ,SPUKBALL,NORMAL
FEELINARA,3,0,true,MILD,MARONBEERE,4,0,0,252,252,0,ZAUBERSCHEIN,ANZIEHUNG,ERHOHLUNG,RUCKZUCKHIEB,NORMAL
PORYGON_2,4,0,false,KUEHN,EVOLITH,252,0,92,0,160,0,GENESUNG,DONNERWELLE,TRIPLETTE,DONNERBLITZ,NORMAL
PORYGON_2,4,0,false,KUEHN,EVOLITH,252,0,92,0,160,0,GENESUNG,TOXIN,TRIPLETTE,DONNERBLITZ,NORMAL
PORYGON_Z,4,0,true,MAESSIG,WAHLGLAS,4,0,0,252,0,252,TRIPLETTE,DONNERBLITZ,EISSTRAHL,TRICKBETRUG,NORMAL
PORYGON_Z,3,0,true,SCHEU,LEBEN_ORB,4,0,0,252,0,252,ZIELSCHUSS,TRIPLETTE,BLITZKANONE,PSYCHOKINESE,NORMAL
PORYGON_Z,3,0,true,STILL,UEBERRESTE,252,0,0,252,4,0,GENESUNG,DONNERWELLE,DONNER,TRIPLETTE,NORMAL
PORYGON_Z,2,0,true,SCHEU,NORMALJUWEL,4,0,0,252,0,252,TRIPLETTE,DONNERBLITZ,EISSTURM,AGILITAET,NORMAL
PORYGON_Z,3,0,true,SCHEU,WAHLSCHAL,4,0,0,252,0,252,SPUKBALL,TRIPLETTE,DONNERBLITZ,PSYCHOKINESE,NORMAL
RELAXO,5,1,false,HART,UEBERRESTE,188,0,144,0,176,0,FLUCH,ERHOLUNG,ERDBEBEN,BODYSLAM,NORMAL
RELAXO,4,1,false,HART,TSITRUBEERE,188,0,144,0,176,0,BAUCHTROMMEL,RISIKOTACKLE,HAMMERARM,ERDBEBEN,NORMAL
RELAXO,4,1,false,HART,WAHLBAND,0,252,92,0,160,0,RISIKOTACKLE,WUCHTSCHLAG,FEUERSCHLAG,EISHIEB,NORMAL
RELAXO,3,1,false,HART,MARONBEERE,188,0,144,0,176,0,BODYSLAM,DURCHBRUCH,ERHOLUNG,SCHLAFREDE,NORMAL
AMOROSO,3,0,false,SCHEU,GEWITTER_EI,4,0,0,252,0,252,SURFER,EISSTRAHL,ANTIK_KRAFT,REGENTANZ,NORMAL
AMOROSO,3,0,false,MAESSIG,UEBERRESTE,4,0,252,252,0,0,SURFER,ERDKRAEFTE,ANTIK_KRAFT,TOXIN,NORMAL
AMOROSO,1,0,true,KUEHN,UEBERRESTE,252,0,252,4,0,0,HORNBOHRER,GEOWURF,DOPPELTEAM,EISENABWEHR,NORMAL
KABUTOPS,3,0,false,FROH,GEWITTER_EI,4,252,0,0,0,252,REGENTANZ,KASKADE,STEINKANTE,NACHTHIEB,NORMAL
KABUTOPS,3,0,false,HART,WAHLBAND,4,252,0,0,0,252,WASSERDUESE,KREUZSCHERE,STEINKANTE,NACHTHIEB,NORMAL
KABUTOPS,2,0,false,HART,UEBERRESTE,4,252,0,0,0,252,WASSERDUESE,SCHWERTTANZ,STEINKANTE,ZERSCHNEIDER,NORMAL
AERODACTYL,4,0,true,HART,WAHLBAND,4,252,0,0,0,252,STEINKANTE,EISZAHN,DONNERZAHN,ERDBEBEN,NORMAL
AERODACTYL,3,0,true,HART,LEBEN_ORB,4,252,0,0,0,252,STEINKANTE,DRACHENTANZ,AERO_ASS,KNIRSCHER,NORMAL
AERODACTYL,3,0,true,FROH,GESTEINJUWEL,4,252,0,0,0,252,STEINKANTE,ERDBEBEN,AERO_ASS,KNIRSCHER,NORMAL
AERODACTYL,2,0,true,MAESSIG,LEBEN_ORB,4,0,0,252,0,252,ANTIK_KRAFT,FLAMMENWURF,ERDKRAEFTE,DRACHENPULS,NORMAL
ARKTOS,5,0,true,KUEHN,UEBERRESTE,252,0,160,92,0,0,BLIZZARD,AQUAWELLE,SPIEGELCAPE,WINDSCHNITT,NORMAL
ARKTOS,5,0,true,HART,UEBERRESTE,252,160,0,0,92,0,EISSPLITTER,STAHLFLUEGEL,ZERTRUEMMERER,STURZFLUG,NORMAL
ZAPDOS,5,0,true,MAESSIG,UEBERRESTE,252,0,0,252,0,4,DONNERBLITZ,HITZEWELLE,SCHUTZSCHILD,TOXIN,NORMAL
ZAPDOS,5,0,true,SCHEU,GEWITTER_EI,4,0,0,252,0,252,DONNER,METEOROLOGE,REGENTANZ,WINDSCHNITT,NORMAL
LAVADOS,5,0,true,MAESSIG,SONNEN_EI,4,0,0,252,0,252,FEUERSTURM,SOLARSTRAHL,WINDSCHNITT,SONNENTAG,NORMAL
LAVADOS,5,0,true,MAESSIG,UEBERRESTE,252,0,0,252,0,4,FLAMMENWURF,ANTIK_KRAFT,WINDSCHNITT,ERHOLUNG,NORMAL
DRAGORAN,5,0,true,HART,UEBERRESTE,4,252,0,0,0,252,DRACHENTANZ,DRACHENKLAUE,ERDBEBEN,TURBOTEMPO,NORMAL
DRAGORAN,5,0,true,FROH,WAHLBAND,4,252,0,0,0,252,TURBOTEMPO,WUTANFALL,ERDBEBEN,FEUERSCHLAG,NORMAL
DRAGORAN,4,0,true,FROH,PERSIMBEERE,4,252,0,0,0,252,NASSSCHWEIF,WUTANFALL,ERDBEBEN,FLIEGEN,NORMAL
DRAGORAN,4,0,true,MAESSIG,SCHLOHKRAUT,252,0,0,252,0,4,DONNER,DRACO_METEOR,FEUERSTURM,BLIZZARD,NORMAL
DRAGORAN,3,0,false,HART,LEBEN_ORB,4,252,0,0,0,4,DONNERWELLE,NASSSCHWEIF,DRACHENKLAUE,AERO_ASS,NORMAL
